Workbook
Name Slicer_Kategori: #N/A
Name Slicer_Nama_Barang: #N/A
Name Slicer_Tanggal: #N/A

Sheet Data Barang
E2: DATA BARANG GUDANG
E4: Kode Barang | F4: Nama Barang | G4: Kategori | H4: Satuan | I4: Stok Minimum
E5: BRG001 | F5: Pipa PVC 1 Inch | G5: Material | H5: pcs | I5: 20
E6: BRG002 | F6: Baut M8 | G6: Material | H6: pcs | I6: 50
E7: BRG003 | F7: Lem PVC | G7: Bahan Kimia | H7: botol | I7: 10
E8: BRG004 | F8: Sarung Tangan Karet | G8: Safety | H8: pasang | I8: 15
E9: BRG005 | F9: Klem Pipa 1 inch | G9: Material | H9: pcs | I9: 25
E10: BRG006 | F10: Masker Debu | G10: Safety | H10: box | I10: 8
E11: BRG007 | F11: Oli Mesin | G11: Bahan Kimia | H11: liter | I11: 5
E12: BRG008 | F12: Kabel NYA 2.5 mm | G12: Elektrikal | H12: meter | I12: 30

Sheet Transaksi Stok
F1: TRANSAKSI STOK
E3: Tanggal | F3: Kode Barang | G3: Nama Barang | H3: Kategori | I3: Jenis Transaksi | J3: Jumlah | K3: Keterangan
E4: 45659 | F4: BRG001 | G4: =_xlfn.XLOOKUP(Table2[[#This Row],[Kode Barang]],Table1[Kode Barang],Table1[Nama Barang]) -> Pipa PVC 1 Inch | H4: =_xlfn.XLOOKUP(Table2[[#This Row],[Nama Barang]],Table1[Nama Barang],Table1[Kategori]) -> Material | I4: Masuk | J4: 100 | K4: Pembelian vendor A
E5: 45662 | F5: BRG002 | G5: =_xlfn.XLOOKUP(Table2[[#This Row],[Kode Barang]],Table1[Kode Barang],Table1[Nama Barang]) -> Baut M8 | H5: =_xlfn.XLOOKUP(Table2[[#This Row],[Nama Barang]],Table1[Nama Barang],Table1[Kategori]) -> Material | I5: Keluar | J5: 40 | K5: Proyek A
E6: 45663 | F6: BRG003 | G6: =_xlfn.XLOOKUP(Table2[[#This Row],[Kode Barang]],Table1[Kode Barang],Table1[Nama Barang]) -> Lem PVC | H6: =_xlfn.XLOOKUP(Table2[[#This Row],[Nama Barang]],Table1[Nama Barang],Table1[Kategori]) -> Bahan Kimia | I6: Masuk | J6: 30 | K6: Restock
E7: 45664 | F7: BRG004 | G7: =_xlfn.XLOOKUP(Table2[[#This Row],[Kode Barang]],Table1[Kode Barang],Table1[Nama Barang]) -> Sarung Tangan Karet | H7: =_xlfn.XLOOKUP(Table2[[#This Row],[Nama Barang]],Table1[Nama Barang],Table1[Kategori]) -> Safety | I7: Keluar | J7: 10 | K7: Proyek B
E8: 45665 | F8: BRG005 | G8: =_xlfn.XLOOKUP(Table2[[#This Row],[Kode Barang]],Table1[Kode Barang],Table1[Nama Barang]) -> Klem Pipa 1 inch | H8: =_xlfn.XLOOKUP(Table2[[#This Row],[Nama Barang]],Table1[Nama Barang],Table1[Kategori]) -> Material | I8: Keluar | J8: 15 | K8: Maintenance
E9: 45666 | F9: BRG001 | G9: =_xlfn.XLOOKUP(Table2[[#This Row],[Kode Barang]],Table1[Kode Barang],Table1[Nama Barang]) -> Pipa PVC 1 Inch | H9: =_xlfn.XLOOKUP(Table2[[#This Row],[Nama Barang]],Table1[Nama Barang],Table1[Kategori]) -> Material | I9: Keluar | J9: 50 | K9: Proyek A
E10: 45667 | F10: BRG006 | G10: =_xlfn.XLOOKUP(Table2[[#This Row],[Kode Barang]],Table1[Kode Barang],Table1[Nama Barang]) -> Masker Debu | H10: =_xlfn.XLOOKUP(Table2[[#This Row],[Nama Barang]],Table1[Nama Barang],Table1[Kategori]) -> Safety | I10: Masuk | J10: 20 | K10: Pembelian vendor B
E11: 45668 | F11: BRG007 | G11: =_xlfn.XLOOKUP(Table2[[#This Row],[Kode Barang]],Table1[Kode Barang],Table1[Nama Barang]) -> Oli Mesin | H11: =_xlfn.XLOOKUP(Table2[[#This Row],[Nama Barang]],Table1[Nama Barang],Table1[Kategori]) -> Bahan Kimia | I11: Keluar | J11: 3 | K11: Service mesin
E12: 45669 | F12: BRG003 | G12: =_xlfn.XLOOKUP(Table2[[#This Row],[Kode Barang]],Table1[Kode Barang],Table1[Nama Barang]) -> Lem PVC | H12: =_xlfn.XLOOKUP(Table2[[#This Row],[Nama Barang]],Table1[Nama Barang],Table1[Kategori]) -> Bahan Kimia | I12: Keluar | J12: 12 | K12: Proyek C
E13: 45670 | F13: BRG008 | G13: =_xlfn.XLOOKUP(Table2[[#This Row],[Kode Barang]],Table1[Kode Barang],Table1[Nama Barang]) -> Kabel NYA 2.5 mm | H13: =_xlfn.XLOOKUP(Table2[[#This Row],[Nama Barang]],Table1[Nama Barang],Table1[Kategori]) -> Elektrikal | I13: Masuk | J13: 100 | K13: Pembelian vendor A
E14: 45671 | F14: BRG008 | G14: =_xlfn.XLOOKUP(Table2[[#This Row],[Kode Barang]],Table1[Kode Barang],Table1[Nama Barang]) -> Kabel NYA 2.5 mm | H14: =_xlfn.XLOOKUP(Table2[[#This Row],[Nama Barang]],Table1[Nama Barang],Table1[Kategori]) -> Elektrikal | I14: Keluar | J14: 40 | K14: Instalasi listrik
E15: 45672 | F15: BRG005 | G15: =_xlfn.XLOOKUP(Table2[[#This Row],[Kode Barang]],Table1[Kode Barang],Table1[Nama Barang]) -> Klem Pipa 1 inch | H15: =_xlfn.XLOOKUP(Table2[[#This Row],[Nama Barang]],Table1[Nama Barang],Table1[Kategori]) -> Material | I15: Masuk | J15: 60 | K15: Restock
E16: 45673 | F16: BRG004 | G16: =_xlfn.XLOOKUP(Table2[[#This Row],[Kode Barang]],Table1[Kode Barang],Table1[Nama Barang]) -> Sarung Tangan Karet | H16: =_xlfn.XLOOKUP(Table2[[#This Row],[Nama Barang]],Table1[Nama Barang],Table1[Kategori]) -> Safety | I16: Masuk | J16: 25 | K16: Pembelian vendor C

Sheet Rekap Stok
F5: Kode Barang | G5: Nama Barang | H5: Kategori | I5: Stok Minimum | J5: Total Masuk | K5: Total Keluar | L5: Total Akhir | M5: Status
F6: BRG001 | G6: =_xlfn.XLOOKUP('Rekap Stok'!F6,Table1[Kode Barang],Table1[Nama Barang]) -> Pipa PVC 1 Inch | H6: =_xlfn.XLOOKUP(F6,Table1[Kode Barang],Table1[Kategori]) -> Material | I6: =_xlfn.XLOOKUP('Rekap Stok'!F6,Table1[Kode Barang],Table1[Stok Minimum]) -> 20 | J6: =SUMIFS(Table2[Jumlah],Table2[Kode Barang],'Rekap Stok'!F6,Table2[Jenis Transaksi],"Masuk") -> 100 | K6: =SUMIFS(Table2[Jumlah],Table2[Kode Barang],'Rekap Stok'!F6,Table2[Jenis Transaksi],"Keluar") -> 50 | L6: =MAX(0,J6-K6) -> 50 | M6: =IF(L6<I6,"Warning","Aman") -> Aman
F7: BRG002 | G7: =_xlfn.XLOOKUP('Rekap Stok'!F7,Table1[Kode Barang],Table1[Nama Barang]) -> Baut M8 | H7: =_xlfn.XLOOKUP(F7,Table1[Kode Barang],Table1[Kategori]) -> Material | I7: =_xlfn.XLOOKUP('Rekap Stok'!F7,Table1[Kode Barang],Table1[Stok Minimum]) -> 50 | J7: =SUMIFS(Table2[Jumlah],Table2[Kode Barang],'Rekap Stok'!F7,Table2[Jenis Transaksi],"Masuk") -> 0 | K7: =SUMIFS(Table2[Jumlah],Table2[Kode Barang],'Rekap Stok'!F7,Table2[Jenis Transaksi],"Keluar") -> 40 | L7: =MAX(0,J7-K7) -> 0 | M7: =IF(L7<I7,"Warning","Aman") -> Warning
F8: BRG003 | G8: =_xlfn.XLOOKUP('Rekap Stok'!F8,Table1[Kode Barang],Table1[Nama Barang]) -> Lem PVC | H8: =_xlfn.XLOOKUP(F8,Table1[Kode Barang],Table1[Kategori]) -> Bahan Kimia | I8: =_xlfn.XLOOKUP('Rekap Stok'!F8,Table1[Kode Barang],Table1[Stok Minimum]) -> 10 | J8: =SUMIFS(Table2[Jumlah],Table2[Kode Barang],'Rekap Stok'!F8,Table2[Jenis Transaksi],"Masuk") -> 30 | K8: =SUMIFS(Table2[Jumlah],Table2[Kode Barang],'Rekap Stok'!F8,Table2[Jenis Transaksi],"Keluar") -> 12 | L8: =MAX(0,J8-K8) -> 18 | M8: =IF(L8<I8,"Warning","Aman") -> Aman
F9: BRG004 | G9: =_xlfn.XLOOKUP('Rekap Stok'!F9,Table1[Kode Barang],Table1[Nama Barang]) -> Sarung Tangan Karet | H9: =_xlfn.XLOOKUP(F9,Table1[Kode Barang],Table1[Kategori]) -> Safety | I9: =_xlfn.XLOOKUP('Rekap Stok'!F9,Table1[Kode Barang],Table1[Stok Minimum]) -> 15 | J9: =SUMIFS(Table2[Jumlah],Table2[Kode Barang],'Rekap Stok'!F9,Table2[Jenis Transaksi],"Masuk") -> 25 | K9: =SUMIFS(Table2[Jumlah],Table2[Kode Barang],'Rekap Stok'!F9,Table2[Jenis Transaksi],"Keluar") -> 10 | L9: =MAX(0,J9-K9) -> 15 | M9: =IF(L9<I9,"Warning","Aman") -> Aman
F10: BRG005 | G10: =_xlfn.XLOOKUP('Rekap Stok'!F10,Table1[Kode Barang],Table1[Nama Barang]) -> Klem Pipa 1 inch | H10: =_xlfn.XLOOKUP(F10,Table1[Kode Barang],Table1[Kategori]) -> Material | I10: =_xlfn.XLOOKUP('Rekap Stok'!F10,Table1[Kode Barang],Table1[Stok Minimum]) -> 25 | J10: =SUMIFS(Table2[Jumlah],Table2[Kode Barang],'Rekap Stok'!F10,Table2[Jenis Transaksi],"Masuk") -> 60 | K10: =SUMIFS(Table2[Jumlah],Table2[Kode Barang],'Rekap Stok'!F10,Table2[Jenis Transaksi],"Keluar") -> 15 | L10: =MAX(0,J10-K10) -> 45 | M10: =IF(L10<I10,"Warning","Aman") -> Aman
F11: BRG006 | G11: =_xlfn.XLOOKUP('Rekap Stok'!F11,Table1[Kode Barang],Table1[Nama Barang]) -> Masker Debu | H11: =_xlfn.XLOOKUP(F11,Table1[Kode Barang],Table1[Kategori]) -> Safety | I11: =_xlfn.XLOOKUP('Rekap Stok'!F11,Table1[Kode Barang],Table1[Stok Minimum]) -> 8 | J11: =SUMIFS(Table2[Jumlah],Table2[Kode Barang],'Rekap Stok'!F11,Table2[Jenis Transaksi],"Masuk") -> 20 | K11: =SUMIFS(Table2[Jumlah],Table2[Kode Barang],'Rekap Stok'!F11,Table2[Jenis Transaksi],"Keluar") -> 0 | L11: =MAX(0,J11-K11) -> 20 | M11: =IF(L11<I11,"Warning","Aman") -> Aman
F12: BRG007 | G12: =_xlfn.XLOOKUP('Rekap Stok'!F12,Table1[Kode Barang],Table1[Nama Barang]) -> Oli Mesin | H12: =_xlfn.XLOOKUP(F12,Table1[Kode Barang],Table1[Kategori]) -> Bahan Kimia | I12: =_xlfn.XLOOKUP('Rekap Stok'!F12,Table1[Kode Barang],Table1[Stok Minimum]) -> 5 | J12: =SUMIFS(Table2[Jumlah],Table2[Kode Barang],'Rekap Stok'!F12,Table2[Jenis Transaksi],"Masuk") -> 0 | K12: =SUMIFS(Table2[Jumlah],Table2[Kode Barang],'Rekap Stok'!F12,Table2[Jenis Transaksi],"Keluar") -> 3 | L12: =MAX(0,J12-K12) -> 0 | M12: =IF(L12<I12,"Warning","Aman") -> Warning
F13: BRG008 | G13: =_xlfn.XLOOKUP('Rekap Stok'!F13,Table1[Kode Barang],Table1[Nama Barang]) -> Kabel NYA 2.5 mm | H13: =_xlfn.XLOOKUP(F13,Table1[Kode Barang],Table1[Kategori]) -> Elektrikal | I13: =_xlfn.XLOOKUP('Rekap Stok'!F13,Table1[Kode Barang],Table1[Stok Minimum]) -> 30 | J13: =SUMIFS(Table2[Jumlah],Table2[Kode Barang],'Rekap Stok'!F13,Table2[Jenis Transaksi],"Masuk") -> 100 | K13: =SUMIFS(Table2[Jumlah],Table2[Kode Barang],'Rekap Stok'!F13,Table2[Jenis Transaksi],"Keluar") -> 40 | L13: =MAX(0,J13-K13) -> 60 | M13: =IF(L13<I13,"Warning","Aman") -> Aman

Sheet Detail1
A1: Details for Sum of Jumlah - Nama Barang: Oli Mesin, Jenis Transaksi: Keluar
A3: Tanggal | B3: Kode Barang | C3: Nama Barang | D3: Kategori | E3: Jenis Transaksi | F3: Jumlah | G3: Keterangan
A4: 45668 | B4: BRG007 | C4: Oli Mesin | D4: Bahan Kimia | E4: Keluar | F4: 3 | G4: Service mesin

Sheet Pivot Tabel
B2: Jenis Transaksi | C2: Masuk | E2: Jenis Transaksi | F2: Keluar | K2: Status | L2: Warning
B4: Nama Barang | C4: Sum of Jumlah | E4: Nama Barang | F4: Sum of Jumlah | H4: Kategori | I4: Sum of Total Akhir | K4: Row Labels | L4: Sum of Total Akhir
B5: Kabel NYA 2.5 mm | C5: 100 | E5: Baut M8 | F5: 40 | H5: Bahan Kimia | I5: 18 | K5: Baut M8 | L5: 0
B6: Klem Pipa 1 inch | C6: 60 | E6: Kabel NYA 2.5 mm | F6: 40 | H6: Elektrikal | I6: 60 | K6: Oli Mesin | L6: 0
B7: Lem PVC | C7: 30 | E7: Klem Pipa 1 inch | F7: 15 | H7: Material | I7: 95 | K7: Grand Total | L7: 0
B8: Masker Debu | C8: 20 | E8: Lem PVC | F8: 12 | H8: Safety | I8: 35
B9: Pipa PVC 1 Inch | C9: 100 | E9: Oli Mesin | F9: 3 | H9: Grand Total | I9: 208
B10: Sarung Tangan Karet | C10: 25 | E10: Pipa PVC 1 Inch | F10: 50
B11: Grand Total | C11: 335 | E11: Sarung Tangan Karet | F11: 10
E12: Grand Total | F12: 170

Sheet Dashboard
L2: Dashboard Stok & Inventaris Gudang
I4: Periode: Januari 2025
